--
-- PostgreSQL database dump
--

-- Dumped from database version 13.2 (Ubuntu 13.2-1.pgdg20.04+1)
-- Dumped by pg_dump version 13.2

SET statement_timeout = 0;
SET lock_timeout = 0;
SET idle_in_transaction_session_timeout = 0;
SET client_encoding = 'UTF8';
SET standard_conforming_strings = on;
SELECT pg_catalog.set_config('search_path', '', false);
SET check_function_bodies = false;
SET xmloption = content;
SET client_min_messages = warning;
SET row_security = off;

--
-- Data for Name: advisor; Type: TABLE DATA; Schema: public; Owner: terzaqfhzgwzbg
--

INSERT INTO public.advisor (id, is_active, deleted, created_at, updated_at, created_by, updated_by) VALUES ('9KGhxtVGdPMD4VRIuZw25Iwo8x33', true, 0, '2021-02-23 06:39:32.199535+00', '2021-02-23 06:39:32.199535+00', NULL, NULL);
INSERT INTO public.advisor (id, is_active, deleted, created_at, updated_at, created_by, updated_by) VALUES ('1kmOwGBOKUALh1uRladPJE', true, 0, '2021-03-04 02:15:46.172906+00', '2021-03-04 02:15:46.172906+00', NULL, NULL);
INSERT INTO public.advisor (id, is_active, deleted, created_at, updated_at, created_by, updated_by) VALUES ('1HVruML305WfGiAgJIUosp', true, 0, '2021-03-04 03:40:08.216923+00', '2021-03-04 03:40:08.216923+00', NULL, NULL);
INSERT INTO public.advisor (id, is_active, deleted, created_at, updated_at, created_by, updated_by) VALUES ('66QsJp61HFt3mIcHXg8WjM', true, 0, '2021-03-04 04:17:07.934166+00', '2021-03-04 04:17:07.934166+00', NULL, NULL);
INSERT INTO public.advisor (id, is_active, deleted, created_at, updated_at, created_by, updated_by) VALUES ('1vEXsvWOSTQO1nqREN2niU', true, 0, '2021-03-04 08:58:14.706116+00', '2021-03-04 08:58:14.706116+00', NULL, NULL);
INSERT INTO public.advisor (id, is_active, deleted, created_at, updated_at, created_by, updated_by) VALUES ('PdOJWFBgNPUEMhX1JlsDm7zWy012', false, 0, '2021-02-21 07:23:19.372269+00', '2021-03-14 05:30:36.243248+00', NULL, NULL);


--
-- Data for Name: advisor_presence; Type: TABLE DATA; Schema: public; Owner: terzaqfhzgwzbg
--

INSERT INTO public.advisor_presence (id, advisor_id, status, created_at, updated_at, created_by, updated_by) VALUES ('fc8ed567-b281-4045-a15d-473c5c5becd4', '9KGhxtVGdPMD4VRIuZw25Iwo8x33', 'online', '2021-03-12 03:25:56.623563+00', '2021-03-12 03:25:56.623563+00', NULL, NULL);
INSERT INTO public.advisor_presence (id, advisor_id, status, created_at, updated_at, created_by, updated_by) VALUES ('3bc2e652-46f8-4f79-b979-15c414f45b96', 'PdOJWFBgNPUEMhX1JlsDm7zWy012', 'online', '2021-03-11 11:14:06.493869+00', '2021-03-11 11:14:06.493869+00', NULL, NULL);


--
-- Data for Name: advisor_profile; Type: TABLE DATA; Schema: public; Owner: terzaqfhzgwzbg
--

INSERT INTO public.advisor_profile (id, advisor_id, display_name, avatar_url, ref_ctf_eid, created_at, updated_at, created_by, updated_by) VALUES ('3c9a060e-82ef-41f7-a191-f1bbbdfa3c74', 'PdOJWFBgNPUEMhX1JlsDm7zWy012', 'newVal_1615370308388', NULL, NULL, '2021-03-04 08:38:56.098338+00', '2021-03-04 08:38:56.098338+00', NULL, NULL);
INSERT INTO public.advisor_profile (id, advisor_id, display_name, avatar_url, ref_ctf_eid, created_at, updated_at, created_by, updated_by) VALUES ('2a1d6bc0-cb8c-4127-a99e-49261c133093', '1kmOwGBOKUALh1uRladPJE', 'Advisor', NULL, '1kmOwGBOKUALh1uRladPJE', '2021-03-04 02:15:47.392156+00', '2021-03-04 02:15:47.392156+00', NULL, NULL);
INSERT INTO public.advisor_profile (id, advisor_id, display_name, avatar_url, ref_ctf_eid, created_at, updated_at, created_by, updated_by) VALUES ('3efa8e3f-832f-4462-9743-6cb45532aa65', '66QsJp61HFt3mIcHXg8WjM', 'Pham Ngoc Hoang', NULL, '66QsJp61HFt3mIcHXg8WjM', '2021-03-04 04:17:09.16452+00', '2021-03-04 04:17:09.16452+00', NULL, NULL);
INSERT INTO public.advisor_profile (id, advisor_id, display_name, avatar_url, ref_ctf_eid, created_at, updated_at, created_by, updated_by) VALUES ('dbc9a325-b69e-4e96-94f0-70f56e794747', '1vEXsvWOSTQO1nqREN2niU', 'Don thoi nha', NULL, '1vEXsvWOSTQO1nqREN2niU', '2021-03-04 08:58:17.093832+00', '2021-03-04 08:58:17.093832+00', NULL, NULL);


--
-- Data for Name: user; Type: TABLE DATA; Schema: public; Owner: terzaqfhzgwzbg
--

INSERT INTO public."user" (id, is_active, deleted, created_at, updated_at, created_by, updated_by) VALUES ('cS7wYxH5OIOmFgmZxFh7Kx128le4', true, 0, '2021-02-19 10:14:47.044469+00', '2021-02-19 10:14:47.044469+00', NULL, NULL);
INSERT INTO public."user" (id, is_active, deleted, created_at, updated_at, created_by, updated_by) VALUES ('cS7wYxH5OIOmFgmZxFh7Kx128le5', true, 0, '2021-02-19 10:15:08.850287+00', '2021-02-19 10:15:08.850287+00', NULL, NULL);
INSERT INTO public."user" (id, is_active, deleted, created_at, updated_at, created_by, updated_by) VALUES ('PdOJWFBgNPUEMhX1JlsDm7zWy012', true, 0, '2021-02-19 10:15:56.310609+00', '2021-02-19 10:15:56.310609+00', NULL, NULL);
INSERT INTO public."user" (id, is_active, deleted, created_at, updated_at, created_by, updated_by) VALUES ('9KGhxtVGdPMD4VRIuZw25Iwo8x33', true, 0, '2021-02-19 10:16:27.694298+00', '2021-02-19 10:16:27.694298+00', NULL, NULL);
INSERT INTO public."user" (id, is_active, deleted, created_at, updated_at, created_by, updated_by) VALUES ('tbA9kHByENVIRpmhvRs8ytehgc52', true, 0, '2021-02-25 15:35:07.961519+00', '2021-02-25 15:35:07.961519+00', NULL, NULL);
INSERT INTO public."user" (id, is_active, deleted, created_at, updated_at, created_by, updated_by) VALUES ('g5sd7C6xfZdKiWJbqyPS5TUCLtx1', true, 0, '2021-02-25 15:41:09.082232+00', '2021-02-25 15:41:09.082232+00', NULL, NULL);
INSERT INTO public."user" (id, is_active, deleted, created_at, updated_at, created_by, updated_by) VALUES ('CE642sgqc9gcqK57EMVFb4joBiZ2', true, 0, '2021-02-25 15:42:05.701928+00', '2021-02-25 15:42:05.701928+00', NULL, NULL);
INSERT INTO public."user" (id, is_active, deleted, created_at, updated_at, created_by, updated_by) VALUES ('18Uz7fPXS3Xq3KhnVavwiK4pOkI3', true, 0, '2021-02-25 15:49:15.286518+00', '2021-02-25 15:49:15.286518+00', NULL, NULL);
INSERT INTO public."user" (id, is_active, deleted, created_at, updated_at, created_by, updated_by) VALUES ('lDntlHPAmHT5uY2BnVVB4BLbLvg2', true, 0, '2021-03-08 15:05:45.634016+00', '2021-03-08 15:05:45.634016+00', NULL, NULL);


--
-- Data for Name: transaction; Type: TABLE DATA; Schema: public; Owner: terzaqfhzgwzbg
--

INSERT INTO public.transaction (id, user_id, advisor_id, session_id, created_at, updated_at, created_by, updated_by) VALUES ('9fd256a1-ecfb-4458-a47d-77dd2ce6e01d', '9KGhxtVGdPMD4VRIuZw25Iwo8x33', 'PdOJWFBgNPUEMhX1JlsDm7zWy012', 'session_1', '2021-03-08 16:41:09.162182+00', '2021-03-08 16:41:09.162182+00', NULL, NULL);
INSERT INTO public.transaction (id, user_id, advisor_id, session_id, created_at, updated_at, created_by, updated_by) VALUES ('455e5e72-e0d5-4fa6-83a1-468c2d9322e3', '9KGhxtVGdPMD4VRIuZw25Iwo8x33', 'PdOJWFBgNPUEMhX1JlsDm7zWy012', 'session_1', '2021-03-08 16:47:31.559457+00', '2021-03-08 16:47:31.559457+00', NULL, NULL);
INSERT INTO public.transaction (id, user_id, advisor_id, session_id, created_at, updated_at, created_by, updated_by) VALUES ('a0231195-4b75-4359-9006-74ba6e289ee9', '9KGhxtVGdPMD4VRIuZw25Iwo8x33', 'PdOJWFBgNPUEMhX1JlsDm7zWy012', 'session_1', '2021-03-08 16:47:31.559457+00', '2021-03-08 16:47:31.559457+00', NULL, NULL);
INSERT INTO public.transaction (id, user_id, advisor_id, session_id, created_at, updated_at, created_by, updated_by) VALUES ('60fa64b4-c652-4fb6-b33a-63df1d20a21b', '9KGhxtVGdPMD4VRIuZw25Iwo8x33', 'PdOJWFBgNPUEMhX1JlsDm7zWy012', 'session_1', '2021-03-08 16:47:31.559457+00', '2021-03-08 16:47:31.559457+00', NULL, NULL);
INSERT INTO public.transaction (id, user_id, advisor_id, session_id, created_at, updated_at, created_by, updated_by) VALUES ('06f1a27e-7f5a-4d16-9ab7-c79ab3a3e99f', '9KGhxtVGdPMD4VRIuZw25Iwo8x33', 'PdOJWFBgNPUEMhX1JlsDm7zWy012', 'session_last', '2021-03-08 16:47:31.559457+00', '2021-03-08 16:47:31.559457+00', NULL, NULL);
INSERT INTO public.transaction (id, user_id, advisor_id, session_id, created_at, updated_at, created_by, updated_by) VALUES ('23a6ce73-eb10-4ece-a875-c3f3d0bc042e', '9KGhxtVGdPMD4VRIuZw25Iwo8x33', 'PdOJWFBgNPUEMhX1JlsDm7zWy012', 'new_session', '2021-03-09 06:24:14.906314+00', '2021-03-09 06:24:14.906314+00', NULL, NULL);
INSERT INTO public.transaction (id, user_id, advisor_id, session_id, created_at, updated_at, created_by, updated_by) VALUES ('56e52355-c117-471b-919a-d09dc7ca6aee', '9KGhxtVGdPMD4VRIuZw25Iwo8x33', 'PdOJWFBgNPUEMhX1JlsDm7zWy012', 'session_1', '2021-03-08 16:42:13.0921+00', '2021-03-08 16:42:13.0921+00', NULL, NULL);
INSERT INTO public.transaction (id, user_id, advisor_id, session_id, created_at, updated_at, created_by, updated_by) VALUES ('a682e5e0-c852-4b91-a5a4-9e368a446dac', '9KGhxtVGdPMD4VRIuZw25Iwo8x33', 'PdOJWFBgNPUEMhX1JlsDm7zWy012', 'session_1', '2021-03-08 16:45:15.720868+00', '2021-03-08 16:45:15.720868+00', NULL, NULL);
INSERT INTO public.transaction (id, user_id, advisor_id, session_id, created_at, updated_at, created_by, updated_by) VALUES ('b93c0877-b9e1-40d4-8cdd-427246a6e3ef', '9KGhxtVGdPMD4VRIuZw25Iwo8x33', 'PdOJWFBgNPUEMhX1JlsDm7zWy012', 'session_1', '2021-03-08 16:45:15.720868+00', '2021-03-08 16:45:15.720868+00', NULL, NULL);
INSERT INTO public.transaction (id, user_id, advisor_id, session_id, created_at, updated_at, created_by, updated_by) VALUES ('2a944866-4e4d-4c20-9dac-e45fa1a71de0', '9KGhxtVGdPMD4VRIuZw25Iwo8x33', 'PdOJWFBgNPUEMhX1JlsDm7zWy012', 'session_1', '2021-03-08 16:45:15.720868+00', '2021-03-08 16:45:15.720868+00', NULL, NULL);
INSERT INTO public.transaction (id, user_id, advisor_id, session_id, created_at, updated_at, created_by, updated_by) VALUES ('c471e03a-b1a2-4cd2-89e3-e4d60b9f361c', 'PdOJWFBgNPUEMhX1JlsDm7zWy012', '9KGhxtVGdPMD4VRIuZw25Iwo8x33', '1_MX40NzExMzU5NH5-MTYxNDA2MjQyMDE2MH5mWENSaFFkQTZJY0FqMm1EZjFzamVDVzV-fg', '2021-02-23 06:40:21.503617+00', '2021-02-23 06:40:21.503617+00', NULL, NULL);
INSERT INTO public.transaction (id, user_id, advisor_id, session_id, created_at, updated_at, created_by, updated_by) VALUES ('daa9ed0b-1862-4e83-952e-fb45e05d4a6b', 'PdOJWFBgNPUEMhX1JlsDm7zWy012', '9KGhxtVGdPMD4VRIuZw25Iwo8x33', '1_MX40NzExMzU5NH5-MTYxNDA2MjU1MTU1Mn5iLy9iRFBKemlSYzExQmZQajQvT0p3WkV-fg', '2021-02-23 06:42:32.679067+00', '2021-02-23 06:42:32.679067+00', NULL, NULL);
INSERT INTO public.transaction (id, user_id, advisor_id, session_id, created_at, updated_at, created_by, updated_by) VALUES ('67f0569a-a900-488e-83fc-1763363c70c9', 'PdOJWFBgNPUEMhX1JlsDm7zWy012', '9KGhxtVGdPMD4VRIuZw25Iwo8x33', '1_MX40NzExMzU5NH5-MTYxNDA2MjU4MDI0OH5remtNcCtWZnpWSjc2a3lkRTJ5dk1LMHh-fg', '2021-02-23 06:43:01.959026+00', '2021-02-23 06:43:01.959026+00', NULL, NULL);
INSERT INTO public.transaction (id, user_id, advisor_id, session_id, created_at, updated_at, created_by, updated_by) VALUES ('3255aade-b75c-44c4-8f34-f5f40155ac78', 'PdOJWFBgNPUEMhX1JlsDm7zWy012', '9KGhxtVGdPMD4VRIuZw25Iwo8x33', '1_MX40NzExMzU5NH5-MTYxNDA2MjcwMDUwNn5FUjdBYU1wZnBrVGNIamNFbE9sUG9jTnN-fg', '2021-02-23 06:45:01.559995+00', '2021-02-23 06:45:01.559995+00', NULL, NULL);
INSERT INTO public.transaction (id, user_id, advisor_id, session_id, created_at, updated_at, created_by, updated_by) VALUES ('0594c0e6-fceb-4f34-8326-1b1c18b7a32a', 'PdOJWFBgNPUEMhX1JlsDm7zWy012', '9KGhxtVGdPMD4VRIuZw25Iwo8x33', '1_MX40NzExMzU5NH5-MTYxNDA2Mjc0MTAwNX5hakxOeUVnQ1NIWmZVZWFHVWVaTkJleER-fg', '2021-02-23 06:45:42.108197+00', '2021-02-23 06:45:42.108197+00', NULL, NULL);
INSERT INTO public.transaction (id, user_id, advisor_id, session_id, created_at, updated_at, created_by, updated_by) VALUES ('2c92410d-238f-4ae9-9bac-3c8e2858700c', 'PdOJWFBgNPUEMhX1JlsDm7zWy012', '9KGhxtVGdPMD4VRIuZw25Iwo8x33', '1_MX40NzExMzU5NH5-MTYxNDA2Mjg0Mzc5OX5mNlJacEY3RmE5emU1OUxjQjV5aXUvVS9-fg', '2021-02-23 06:47:26.106863+00', '2021-02-23 06:47:26.106863+00', NULL, NULL);
INSERT INTO public.transaction (id, user_id, advisor_id, session_id, created_at, updated_at, created_by, updated_by) VALUES ('6ff4d96b-2288-400b-a2ba-5127cb380bd4', 'PdOJWFBgNPUEMhX1JlsDm7zWy012', '9KGhxtVGdPMD4VRIuZw25Iwo8x33', '1_MX40NzExMzU5NH5-MTYxNDA2MzAxMTg4N35uK05hTEhtVGZCSGRMb016bFRNRUkrUkt-fg', '2021-02-23 06:50:14.140847+00', '2021-02-23 06:50:14.140847+00', NULL, NULL);
INSERT INTO public.transaction (id, user_id, advisor_id, session_id, created_at, updated_at, created_by, updated_by) VALUES ('1e908e0a-0b89-483e-811a-ffe69468bb79', 'PdOJWFBgNPUEMhX1JlsDm7zWy012', '9KGhxtVGdPMD4VRIuZw25Iwo8x33', '2_MX40NzExMzU5NH5-MTYxNDA2MzEwNzE3N345SGFKRXRPeHhPcVJBMnQwV2lrWjdyL0x-fg', '2021-02-23 06:51:48.388686+00', '2021-02-23 06:51:48.388686+00', NULL, NULL);
INSERT INTO public.transaction (id, user_id, advisor_id, session_id, created_at, updated_at, created_by, updated_by) VALUES ('e3ee726c-0058-462f-87a7-c939a7e3d80e', 'PdOJWFBgNPUEMhX1JlsDm7zWy012', '9KGhxtVGdPMD4VRIuZw25Iwo8x33', '1_MX40NzExMzU5NH5-MTYxNDA2Mzg1NTU5N35SWmFsQkZKQnNPck8wTzBycjlncjZSbmt-fg', '2021-02-23 07:04:27.780015+00', '2021-02-23 07:04:27.780015+00', NULL, NULL);
INSERT INTO public.transaction (id, user_id, advisor_id, session_id, created_at, updated_at, created_by, updated_by) VALUES ('0f818455-0623-49d4-8207-68c8bf241266', 'PdOJWFBgNPUEMhX1JlsDm7zWy012', '9KGhxtVGdPMD4VRIuZw25Iwo8x33', '1_MX40NzExMzU5NH5-MTYxNDA2MzkwMjE2Mn5EbWRBNzdoK1hRb0J5M0pOZWduVUx4MVl-fg', '2021-02-23 07:05:10.710085+00', '2021-02-23 07:05:10.710085+00', NULL, NULL);
INSERT INTO public.transaction (id, user_id, advisor_id, session_id, created_at, updated_at, created_by, updated_by) VALUES ('4ef58e69-abf4-44ef-87e9-c4d1360c5095', 'PdOJWFBgNPUEMhX1JlsDm7zWy012', '9KGhxtVGdPMD4VRIuZw25Iwo8x33', '1_MX40NzExMzU5NH5-MTYxNDA2ODg2ODc3MH5zTlEydnVoMllkL0dBQy94clA2L2tiSHd-fg', '2021-02-23 08:27:54.147853+00', '2021-02-23 08:27:54.147853+00', NULL, NULL);
INSERT INTO public.transaction (id, user_id, advisor_id, session_id, created_at, updated_at, created_by, updated_by) VALUES ('e73eaf15-bcac-4be7-8430-cc7cd952c1b7', 'PdOJWFBgNPUEMhX1JlsDm7zWy012', '9KGhxtVGdPMD4VRIuZw25Iwo8x33', '1_MX40NzExMzU5NH5-MTYxNDA2OTY3NzEyMX51a0hzQWlqU1FYcWJXN2dZTUt5dGpHZ2N-fg', '2021-02-23 08:41:18.37236+00', '2021-02-23 08:41:18.37236+00', NULL, NULL);
INSERT INTO public.transaction (id, user_id, advisor_id, session_id, created_at, updated_at, created_by, updated_by) VALUES ('bd0b0d9f-0a4b-4157-978e-bc9e1de1f188', 'PdOJWFBgNPUEMhX1JlsDm7zWy012', '9KGhxtVGdPMD4VRIuZw25Iwo8x33', '1_MX40NzExMzU5NH5-MTYxNDA2OTc2MDE2OH55RCtJOEUySmJDZjRveXp0RXgwVHk0eFN-fg', '2021-02-23 08:42:41.493178+00', '2021-02-23 08:42:41.493178+00', NULL, NULL);
INSERT INTO public.transaction (id, user_id, advisor_id, session_id, created_at, updated_at, created_by, updated_by) VALUES ('46ea97c4-b377-46f7-b950-b53d8cb0f12a', 'PdOJWFBgNPUEMhX1JlsDm7zWy012', '9KGhxtVGdPMD4VRIuZw25Iwo8x33', '2_MX40NzExMzU5NH5-MTYxNDA2OTk1MDI0NX52SXJ1QVVoQTl4UnFNNVBaQWNtUU9CUnZ-fg', '2021-02-23 08:45:52.826199+00', '2021-02-23 08:45:52.826199+00', NULL, NULL);
INSERT INTO public.transaction (id, user_id, advisor_id, session_id, created_at, updated_at, created_by, updated_by) VALUES ('ef9c00a5-aee4-4ecc-bdca-13054ff45db8', 'PdOJWFBgNPUEMhX1JlsDm7zWy012', '9KGhxtVGdPMD4VRIuZw25Iwo8x33', '1_MX40NzExMzU5NH5-MTYxNDA2OTk2Mzg1MX54NytDSkV5UlpZRktuVFErMXVzOWFjWml-fg', '2021-02-23 08:46:04.765125+00', '2021-02-23 08:46:04.765125+00', NULL, NULL);
INSERT INTO public.transaction (id, user_id, advisor_id, session_id, created_at, updated_at, created_by, updated_by) VALUES ('e6cf3e1c-c123-403c-87d8-aa910c8dda93', 'PdOJWFBgNPUEMhX1JlsDm7zWy012', '9KGhxtVGdPMD4VRIuZw25Iwo8x33', '2_MX40NzExMzU5NH5-MTYxNDA3MTEyNDg2OX5hc2Npb2dzNmdLb281VHV6anZtTjBIaUR-fg', '2021-02-23 09:05:26.094473+00', '2021-02-23 09:05:26.094473+00', NULL, NULL);
INSERT INTO public.transaction (id, user_id, advisor_id, session_id, created_at, updated_at, created_by, updated_by) VALUES ('e5622c05-e06c-4b41-93a6-343bdae76cd1', 'PdOJWFBgNPUEMhX1JlsDm7zWy012', '9KGhxtVGdPMD4VRIuZw25Iwo8x33', '1_MX40NzExMzU5NH5-MTYxNDA4NDAxODkzOX4rM1B4NnNHQ1lpMTh4b2NhU2x0SmtLcWd-fg', '2021-02-23 12:40:22.047056+00', '2021-02-23 12:40:22.047056+00', NULL, NULL);
INSERT INTO public.transaction (id, user_id, advisor_id, session_id, created_at, updated_at, created_by, updated_by) VALUES ('50546544-6e55-46e9-9e69-e1d07128cf9f', 'PdOJWFBgNPUEMhX1JlsDm7zWy012', '9KGhxtVGdPMD4VRIuZw25Iwo8x33', '1_MX40NzExMzU5NH5-MTYxNDA4NTE0NDA1OX5UK1ZkTUdoYzRZelRVVUR4Z1Vhb3dNeWJ-fg', '2021-02-23 12:59:05.781703+00', '2021-02-23 12:59:05.781703+00', NULL, NULL);
INSERT INTO public.transaction (id, user_id, advisor_id, session_id, created_at, updated_at, created_by, updated_by) VALUES ('33184fa7-d2dc-48a9-bfa0-2c95cba77fcc', 'PdOJWFBgNPUEMhX1JlsDm7zWy012', '9KGhxtVGdPMD4VRIuZw25Iwo8x33', '1_MX40NzExMzU5NH5-MTYxNDA4NTE2ODIyNX5uNjJTV2Y5UEZNR05lWFU2SFZMRERQMFR-fg', '2021-02-23 12:59:31.105877+00', '2021-02-23 12:59:31.105877+00', NULL, NULL);
INSERT INTO public.transaction (id, user_id, advisor_id, session_id, created_at, updated_at, created_by, updated_by) VALUES ('96e375c2-32da-4305-b645-cae084d162bb', 'PdOJWFBgNPUEMhX1JlsDm7zWy012', '9KGhxtVGdPMD4VRIuZw25Iwo8x33', '2_MX40NzExMzU5NH5-MTYxNDA4NTIwMzQ1NX56aUgxd21Rc2tyaUpvVzJQQW5Rc3U5TWp-fg', '2021-02-23 13:00:04.824594+00', '2021-02-23 13:00:04.824594+00', NULL, NULL);
INSERT INTO public.transaction (id, user_id, advisor_id, session_id, created_at, updated_at, created_by, updated_by) VALUES ('0926f59c-5909-412d-a784-8bd24f35e6e7', 'PdOJWFBgNPUEMhX1JlsDm7zWy012', '9KGhxtVGdPMD4VRIuZw25Iwo8x33', '2_MX40NzExMzU5NH5-MTYxNDA4NTMwOTEyN344R0I1cTVXaEtvMkNRY1NseCtNdzNtQzZ-fg', '2021-02-23 13:01:51.406769+00', '2021-02-23 13:01:51.406769+00', NULL, NULL);
INSERT INTO public.transaction (id, user_id, advisor_id, session_id, created_at, updated_at, created_by, updated_by) VALUES ('bdcdf2f2-0c54-4ab0-a97c-b1787f298254', 'PdOJWFBgNPUEMhX1JlsDm7zWy012', '9KGhxtVGdPMD4VRIuZw25Iwo8x33', '1_MX40NzExMzU5NH5-MTYxNDA4NTYxOTkzM35CTFE5N3AwU1ByRGVEbEV4Nkt5TzZydEl-fg', '2021-02-23 13:07:01.654001+00', '2021-02-23 13:07:01.654001+00', NULL, NULL);
INSERT INTO public.transaction (id, user_id, advisor_id, session_id, created_at, updated_at, created_by, updated_by) VALUES ('6df63356-08a9-47e6-8b81-0a17f0470665', 'PdOJWFBgNPUEMhX1JlsDm7zWy012', '9KGhxtVGdPMD4VRIuZw25Iwo8x33', '2_MX40NzExMzU5NH5-MTYxNDA4NTczMzY5MX5TWUt0SzVaamZ2Y00rei9iVmx0Z1NCb1Z-fg', '2021-02-23 13:08:55.208107+00', '2021-02-23 13:08:55.208107+00', NULL, NULL);
INSERT INTO public.transaction (id, user_id, advisor_id, session_id, created_at, updated_at, created_by, updated_by) VALUES ('3a8fe91d-d0bb-4368-abe9-676ea05bbafb', 'PdOJWFBgNPUEMhX1JlsDm7zWy012', '9KGhxtVGdPMD4VRIuZw25Iwo8x33', '2_MX40NzExMzU5NH5-MTYxNDA4NTc5NjI2NH5kN3I0NTQyWjJCdWZqVTJwc1YyekRjdFN-fg', '2021-02-23 13:09:57.599619+00', '2021-02-23 13:09:57.599619+00', NULL, NULL);
INSERT INTO public.transaction (id, user_id, advisor_id, session_id, created_at, updated_at, created_by, updated_by) VALUES ('46a20456-32a0-4370-a0e3-fc5a3fea5d59', 'PdOJWFBgNPUEMhX1JlsDm7zWy012', '9KGhxtVGdPMD4VRIuZw25Iwo8x33', '1_MX40NzExMzU5NH5-MTYxNDA4NTg1NTI4NH5GTERTMGdGc29HUWp5emxKaFJ6bmt0Ukx-fg', '2021-02-23 13:10:57.581002+00', '2021-02-23 13:10:57.581002+00', NULL, NULL);
INSERT INTO public.transaction (id, user_id, advisor_id, session_id, created_at, updated_at, created_by, updated_by) VALUES ('0be68ab4-efec-47ed-ab0b-54f8bd07cc96', 'PdOJWFBgNPUEMhX1JlsDm7zWy012', '9KGhxtVGdPMD4VRIuZw25Iwo8x33', '1_MX40NzExMzU5NH5-MTYxNDA4NTk4NzQzMX5HT3o5NVZ1RTRXQnVjb3lRcmdrTVlsQjl-fg', '2021-02-23 13:13:09.795937+00', '2021-02-23 13:13:09.795937+00', NULL, NULL);
INSERT INTO public.transaction (id, user_id, advisor_id, session_id, created_at, updated_at, created_by, updated_by) VALUES ('433cb70d-ae88-48a4-b10d-2b0bd7dee5af', 'PdOJWFBgNPUEMhX1JlsDm7zWy012', '9KGhxtVGdPMD4VRIuZw25Iwo8x33', '1_MX40NzExMzU5NH5-MTYxNDA4NjEyOTg3M35PaU51MVUwd3FTa3FSN2wxUTIxdGdtOVR-fg', '2021-02-23 13:15:31.613825+00', '2021-02-23 13:15:31.613825+00', NULL, NULL);
INSERT INTO public.transaction (id, user_id, advisor_id, session_id, created_at, updated_at, created_by, updated_by) VALUES ('9ca26314-6f24-4abf-a1aa-a5dc4a852deb', 'PdOJWFBgNPUEMhX1JlsDm7zWy012', '9KGhxtVGdPMD4VRIuZw25Iwo8x33', '2_MX40NzExMzU5NH5-MTYxNDA4NjE2ODA3MX5yRjRTWlVFMCsvWjZxNmR5ZlVKR0NEYzV-fg', '2021-02-23 13:16:09.184608+00', '2021-02-23 13:16:09.184608+00', NULL, NULL);
INSERT INTO public.transaction (id, user_id, advisor_id, session_id, created_at, updated_at, created_by, updated_by) VALUES ('bf5bcce3-984c-4239-b09c-79558cf1dfd1', 'PdOJWFBgNPUEMhX1JlsDm7zWy012', '9KGhxtVGdPMD4VRIuZw25Iwo8x33', '1_MX40NzExMzU5NH5-MTYxNDA4NjIwNDEyMn43RmwwK3pkcFA4dktzMndrQzdqcy8yRSt-fg', '2021-02-23 13:16:46.264818+00', '2021-02-23 13:16:46.264818+00', NULL, NULL);
INSERT INTO public.transaction (id, user_id, advisor_id, session_id, created_at, updated_at, created_by, updated_by) VALUES ('ac35267d-f85e-44a2-865a-6d44f9fb836e', 'PdOJWFBgNPUEMhX1JlsDm7zWy012', '9KGhxtVGdPMD4VRIuZw25Iwo8x33', '1_MX40NzExMzU5NH5-MTYxNDA4NjU1OTU0NH5WRVBhMTMvSjRNRWVaRHJqZ3ZZOVhFZFp-fg', '2021-02-23 13:22:41.099381+00', '2021-02-23 13:22:41.099381+00', NULL, NULL);
INSERT INTO public.transaction (id, user_id, advisor_id, session_id, created_at, updated_at, created_by, updated_by) VALUES ('0e5c259e-7c0f-4367-82d9-f14c616f61e8', 'PdOJWFBgNPUEMhX1JlsDm7zWy012', '9KGhxtVGdPMD4VRIuZw25Iwo8x33', '2_MX40NzExMzU5NH5-MTYxNDA4NjY3NDk1N35NT2pGbVF6cVUza0xkS3dFMGxndU1oUjF-fg', '2021-02-23 13:24:36.552041+00', '2021-02-23 13:24:36.552041+00', NULL, NULL);
INSERT INTO public.transaction (id, user_id, advisor_id, session_id, created_at, updated_at, created_by, updated_by) VALUES ('a3200e28-b401-494b-8b46-c4b0cf9ef267', 'PdOJWFBgNPUEMhX1JlsDm7zWy012', '9KGhxtVGdPMD4VRIuZw25Iwo8x33', '1_MX40NzExMzU5NH5-MTYxNDA4Njc5Nzk1OX5zZzQ3aGE1c0dKUFc1aFJTWWVrTUJxNjR-fg', '2021-02-23 13:26:39.552625+00', '2021-02-23 13:26:39.552625+00', NULL, NULL);
INSERT INTO public.transaction (id, user_id, advisor_id, session_id, created_at, updated_at, created_by, updated_by) VALUES ('04002163-fcd3-4781-b9bf-1b437c4553bf', 'PdOJWFBgNPUEMhX1JlsDm7zWy012', '9KGhxtVGdPMD4VRIuZw25Iwo8x33', '1_MX40NzExMzU5NH5-MTYxNDA4Njg5MzMwMn5HN3BDOU1wL0dSbDFiVlV0alNqWjRjYm1-fg', '2021-02-23 13:28:15.949082+00', '2021-02-23 13:28:15.949082+00', NULL, NULL);
INSERT INTO public.transaction (id, user_id, advisor_id, session_id, created_at, updated_at, created_by, updated_by) VALUES ('482a28d3-5688-4bac-b06b-65b11369095e', 'PdOJWFBgNPUEMhX1JlsDm7zWy012', '9KGhxtVGdPMD4VRIuZw25Iwo8x33', '1_MX40NzExMzU5NH5-MTYxNDA4Njk1Nzk3N35OVjl1QlpkRU53WFRoY2s3OTZRRmk4OFJ-fg', '2021-02-23 13:29:22.721203+00', '2021-02-23 13:29:22.721203+00', NULL, NULL);
INSERT INTO public.transaction (id, user_id, advisor_id, session_id, created_at, updated_at, created_by, updated_by) VALUES ('e616c140-4c84-4564-9887-ffd72121ab56', 'PdOJWFBgNPUEMhX1JlsDm7zWy012', '9KGhxtVGdPMD4VRIuZw25Iwo8x33', '2_MX40NzExMzU5NH5-MTYxNDA4NzAyODc3OX5yS0JtR0NrVExYOUJPeDNLdkVzeE92ejF-fg', '2021-02-23 13:30:30.351516+00', '2021-02-23 13:30:30.351516+00', NULL, NULL);
INSERT INTO public.transaction (id, user_id, advisor_id, session_id, created_at, updated_at, created_by, updated_by) VALUES ('4ea6628c-78c0-40af-95b5-c560fadcc962', 'PdOJWFBgNPUEMhX1JlsDm7zWy012', '9KGhxtVGdPMD4VRIuZw25Iwo8x33', '1_MX40NzExMzU5NH5-MTYxNDA4NzEzMzUwNX51ZEprd21xNUR5SjBCSFFNR3NXWTd4ckh-fg', '2021-02-23 13:32:14.912136+00', '2021-02-23 13:32:14.912136+00', NULL, NULL);
INSERT INTO public.transaction (id, user_id, advisor_id, session_id, created_at, updated_at, created_by, updated_by) VALUES ('ae9dce2a-6f39-4bda-87e3-cdc7390a39c7', 'PdOJWFBgNPUEMhX1JlsDm7zWy012', '9KGhxtVGdPMD4VRIuZw25Iwo8x33', '1_MX40NzExMzU5NH5-MTYxNDA4NzIyNjY5MX5DMDBqdlJTNi9nQ2lkbndyT3VaZCtrc3F-fg', '2021-02-23 13:33:48.417068+00', '2021-02-23 13:33:48.417068+00', NULL, NULL);
INSERT INTO public.transaction (id, user_id, advisor_id, session_id, created_at, updated_at, created_by, updated_by) VALUES ('6c67ae74-4ce5-4a28-b132-7874e7e11515', 'PdOJWFBgNPUEMhX1JlsDm7zWy012', '9KGhxtVGdPMD4VRIuZw25Iwo8x33', '2_MX40NzExMzU5NH5-MTYxNDA4NzI5OTA5OH42QWd1RW9JMVlWMVVtQkxFMmNCUnBPNWV-fg', '2021-02-23 13:35:04.477132+00', '2021-02-23 13:35:04.477132+00', NULL, NULL);
INSERT INTO public.transaction (id, user_id, advisor_id, session_id, created_at, updated_at, created_by, updated_by) VALUES ('4828d52d-7ca0-43e5-9ce4-db29d82d9662', 'PdOJWFBgNPUEMhX1JlsDm7zWy012', '9KGhxtVGdPMD4VRIuZw25Iwo8x33', '1_MX40NzExMzU5NH5-MTYxNDA4NzQxMjYwNH5BNkVTMk5uOEw5OGhKNVpNWXJ4eVhXQit-fg', '2021-02-23 13:36:54.950282+00', '2021-02-23 13:36:54.950282+00', NULL, NULL);
INSERT INTO public.transaction (id, user_id, advisor_id, session_id, created_at, updated_at, created_by, updated_by) VALUES ('3280e533-5750-4177-96f3-5a71f4723558', 'PdOJWFBgNPUEMhX1JlsDm7zWy012', '9KGhxtVGdPMD4VRIuZw25Iwo8x33', '2_MX40NzExMzU5NH5-MTYxNDA4NzcxOTc1NH5Ta3NGZ1Q0dXdhblBnTWwwTjd2eGVaWDh-fg', '2021-02-23 13:42:03.939871+00', '2021-02-23 13:42:03.939871+00', NULL, NULL);
INSERT INTO public.transaction (id, user_id, advisor_id, session_id, created_at, updated_at, created_by, updated_by) VALUES ('4db5871d-c56a-465b-b648-42cbfdc0b0be', 'PdOJWFBgNPUEMhX1JlsDm7zWy012', '9KGhxtVGdPMD4VRIuZw25Iwo8x33', '1_MX40NzExMzU5NH5-MTYxNDA4Nzc3NDg0Mn5NUEdGK0FmQjl3NUpldnhYMXFGVjBpSE5-fg', '2021-02-23 13:42:56.343319+00', '2021-02-23 13:42:56.343319+00', NULL, NULL);
INSERT INTO public.transaction (id, user_id, advisor_id, session_id, created_at, updated_at, created_by, updated_by) VALUES ('3d271b12-8d17-4791-9669-639e5c1a580e', 'PdOJWFBgNPUEMhX1JlsDm7zWy012', '9KGhxtVGdPMD4VRIuZw25Iwo8x33', '2_MX40NzExMzU5NH5-MTYxNDA4ODE3NTY0Mn41SUlJaU1vdW40Y1h0RnM5dzJGT2VhdUh-fg', '2021-02-23 13:49:37.248318+00', '2021-02-23 13:49:37.248318+00', NULL, NULL);
INSERT INTO public.transaction (id, user_id, advisor_id, session_id, created_at, updated_at, created_by, updated_by) VALUES ('21bd3577-4537-4e5b-87d4-965f240cd56b', 'PdOJWFBgNPUEMhX1JlsDm7zWy012', '9KGhxtVGdPMD4VRIuZw25Iwo8x33', '2_MX40NzExMzU5NH5-MTYxNDA4ODIyMzgwM35EbFAzQXl5dnRiejhJRm5YTkFEYktYNnh-fg', '2021-02-23 13:50:26.054554+00', '2021-02-23 13:50:26.054554+00', NULL, NULL);
INSERT INTO public.transaction (id, user_id, advisor_id, session_id, created_at, updated_at, created_by, updated_by) VALUES ('aee26354-8deb-471d-bebf-5dbada730455', 'PdOJWFBgNPUEMhX1JlsDm7zWy012', '9KGhxtVGdPMD4VRIuZw25Iwo8x33', '2_MX40NzExMzU5NH5-MTYxNDA4ODI1MTIxNX5GSnBkc3IzNUgzWlZvZ0dtUEozcllGRyt-fg', '2021-02-23 13:50:56.767628+00', '2021-02-23 13:50:56.767628+00', NULL, NULL);
INSERT INTO public.transaction (id, user_id, advisor_id, session_id, created_at, updated_at, created_by, updated_by) VALUES ('0287b5c6-b31c-411d-bd4e-003b3b3baa4e', 'PdOJWFBgNPUEMhX1JlsDm7zWy012', '9KGhxtVGdPMD4VRIuZw25Iwo8x33', '1_MX40NzExMzU5NH5-MTYxNDA4ODQ4MTgyN342OXNSQk9CODlSdXp2SXZiU2xITmwzWWd-fg', '2021-02-23 13:54:44.127377+00', '2021-02-23 13:54:44.127377+00', NULL, NULL);
INSERT INTO public.transaction (id, user_id, advisor_id, session_id, created_at, updated_at, created_by, updated_by) VALUES ('2a07339a-5bdd-4e6f-aa86-e83ab2308b85', 'PdOJWFBgNPUEMhX1JlsDm7zWy012', '9KGhxtVGdPMD4VRIuZw25Iwo8x33', '1_MX40NzExMzU5NH5-MTYxNDA4ODU1MzUzM351UnN4V05kTnpUUCtpTHY3N3pVNkovbDZ-fg', '2021-02-23 13:55:55.588845+00', '2021-02-23 13:55:55.588845+00', NULL, NULL);
INSERT INTO public.transaction (id, user_id, advisor_id, session_id, created_at, updated_at, created_by, updated_by) VALUES ('4dfeb1a1-6641-4a12-987a-2ddfb5be94cf', 'PdOJWFBgNPUEMhX1JlsDm7zWy012', '9KGhxtVGdPMD4VRIuZw25Iwo8x33', '2_MX40NzExMzU5NH5-MTYxNDA4ODY1Mjg1OX4zZVQ0c3lKQXhaWFV3WGFTZjFhajNGNHZ-fg', '2021-02-23 13:57:35.894527+00', '2021-02-23 13:57:35.894527+00', NULL, NULL);
INSERT INTO public.transaction (id, user_id, advisor_id, session_id, created_at, updated_at, created_by, updated_by) VALUES ('a5496fae-1dd8-48fa-b24f-7941a96bef5b', 'PdOJWFBgNPUEMhX1JlsDm7zWy012', '9KGhxtVGdPMD4VRIuZw25Iwo8x33', '2_MX40NzExMzU5NH5-MTYxNDA4OTM3MDQ3MX5vY3lKWVFJcVpISElGVDNLWjhzSzh1MVR-fg', '2021-02-23 14:09:31.623586+00', '2021-02-23 14:09:31.623586+00', NULL, NULL);
INSERT INTO public.transaction (id, user_id, advisor_id, session_id, created_at, updated_at, created_by, updated_by) VALUES ('3f5a6686-b409-4665-bd8a-d5c4d8a8a11d', 'PdOJWFBgNPUEMhX1JlsDm7zWy012', '9KGhxtVGdPMD4VRIuZw25Iwo8x33', '2_MX40NzExMzU5NH5-MTYxNDA5MDg3MDgzMn5JTyt2eVIwalNzYWdhaXRHZitUQmw1MUd-fg', '2021-02-23 14:34:31.944976+00', '2021-02-23 14:34:31.944976+00', NULL, NULL);
INSERT INTO public.transaction (id, user_id, advisor_id, session_id, created_at, updated_at, created_by, updated_by) VALUES ('270f49d5-7483-4f16-9deb-f3e239858679', 'PdOJWFBgNPUEMhX1JlsDm7zWy012', '9KGhxtVGdPMD4VRIuZw25Iwo8x33', '2_MX40NzExMzU5NH5-MTYxNDA5MTA0MDI0MH5YSis2V09UVWp6STRKU0gvTXMwK3F6elp-fg', '2021-02-23 14:37:21.520411+00', '2021-02-23 14:37:21.520411+00', NULL, NULL);
INSERT INTO public.transaction (id, user_id, advisor_id, session_id, created_at, updated_at, created_by, updated_by) VALUES ('437a2499-78c2-48d6-9003-fc0cada24ce9', 'PdOJWFBgNPUEMhX1JlsDm7zWy012', '9KGhxtVGdPMD4VRIuZw25Iwo8x33', '2_MX40NzExMzU5NH5-MTYxNDA5MTIxMTYyM343WlJkcXFNMDE5M3pTeWpQY2lWK2lVdVF-fg', '2021-02-23 14:40:12.6994+00', '2021-02-23 14:40:12.6994+00', NULL, NULL);
INSERT INTO public.transaction (id, user_id, advisor_id, session_id, created_at, updated_at, created_by, updated_by) VALUES ('626b9e8e-77c2-4290-98d3-81cffb60525e', 'PdOJWFBgNPUEMhX1JlsDm7zWy012', '9KGhxtVGdPMD4VRIuZw25Iwo8x33', '1_MX40NzExMzU5NH5-MTYxNDA5MTI1MjQ5NH4wZ3JESzZuZXNGZEtTM1NGZ0JvaVNTNmJ-fg', '2021-02-23 14:40:56.026876+00', '2021-02-23 14:40:56.026876+00', NULL, NULL);
INSERT INTO public.transaction (id, user_id, advisor_id, session_id, created_at, updated_at, created_by, updated_by) VALUES ('ab5f7247-432c-42e3-be48-0f0f569daf5d', 'PdOJWFBgNPUEMhX1JlsDm7zWy012', '9KGhxtVGdPMD4VRIuZw25Iwo8x33', '2_MX40NzExMzU5NH5-MTYxNDEzNzExNTQxMX5BOW1mYWU2ZjIwQThEV2pUWTl0QWdVdmp-fg', '2021-02-24 03:25:16.709959+00', '2021-02-24 03:25:16.709959+00', NULL, NULL);
INSERT INTO public.transaction (id, user_id, advisor_id, session_id, created_at, updated_at, created_by, updated_by) VALUES ('9e0baf33-053c-4791-94f2-e6740ad85540', 'PdOJWFBgNPUEMhX1JlsDm7zWy012', '9KGhxtVGdPMD4VRIuZw25Iwo8x33', '1_MX40NzExMzU5NH5-MTYxNDEzNzI5MjQyN35NK0d0YnJNWmppSkpOYVI4T2thbC9MeHF-fg', '2021-02-24 03:28:15.872554+00', '2021-02-24 03:28:15.872554+00', NULL, NULL);
INSERT INTO public.transaction (id, user_id, advisor_id, session_id, created_at, updated_at, created_by, updated_by) VALUES ('f9902bc8-ad69-4ef9-8bcb-1b6cec289058', 'PdOJWFBgNPUEMhX1JlsDm7zWy012', '9KGhxtVGdPMD4VRIuZw25Iwo8x33', '2_MX40NzExMzU5NH5-MTYxNDE0Mjg4NzQ4MX5rNTYvTmJmRGxvVDdrZ09RU1p6TXZCOUd-fg', '2021-02-24 05:01:28.770459+00', '2021-02-24 05:01:28.770459+00', NULL, NULL);
INSERT INTO public.transaction (id, user_id, advisor_id, session_id, created_at, updated_at, created_by, updated_by) VALUES ('02a94d75-9790-4bb7-bd93-57485bad0acf', 'PdOJWFBgNPUEMhX1JlsDm7zWy012', '9KGhxtVGdPMD4VRIuZw25Iwo8x33', '2_MX40NzExMzU5NH5-MTYxNDE0MzA2NjY2MH5ycHpEOEMydXJ2Q3pJVkYvOGZ5Y0hNb21-fg', '2021-02-24 05:04:27.894398+00', '2021-02-24 05:04:27.894398+00', NULL, NULL);
INSERT INTO public.transaction (id, user_id, advisor_id, session_id, created_at, updated_at, created_by, updated_by) VALUES ('be887cb6-b391-4c2f-8c20-9b1fcde450a0', 'PdOJWFBgNPUEMhX1JlsDm7zWy012', '9KGhxtVGdPMD4VRIuZw25Iwo8x33', '2_MX40NzExMzU5NH5-MTYxNDE0MzEzNjcyMH5pWFg0NDRuaG92emJwNXJYUnk3MXhxL2N-fg', '2021-02-24 05:05:37.94107+00', '2021-02-24 05:05:37.94107+00', NULL, NULL);
INSERT INTO public.transaction (id, user_id, advisor_id, session_id, created_at, updated_at, created_by, updated_by) VALUES ('6c433e95-d6cd-428a-a180-0267c839f52d', 'PdOJWFBgNPUEMhX1JlsDm7zWy012', '9KGhxtVGdPMD4VRIuZw25Iwo8x33', '1_MX40NzExMzU5NH5-MTYxNDE0NDU3MTY4NX5tRTZYeXNtZkJIOHFoeXJvREl4NTZsZ1V-fg', '2021-02-24 05:29:32.864092+00', '2021-02-24 05:29:32.864092+00', NULL, NULL);
INSERT INTO public.transaction (id, user_id, advisor_id, session_id, created_at, updated_at, created_by, updated_by) VALUES ('e3838c97-0dfc-41ab-8239-47693c7095b4', 'PdOJWFBgNPUEMhX1JlsDm7zWy012', '9KGhxtVGdPMD4VRIuZw25Iwo8x33', '2_MX40NzExMzU5NH5-MTYxNDE0NDYzNzI3Mn5KQXNSUk5uZGtJcFhEbC9jdGJXQUNIR0x-fg', '2021-02-24 05:30:38.660061+00', '2021-02-24 05:30:38.660061+00', NULL, NULL);
INSERT INTO public.transaction (id, user_id, advisor_id, session_id, created_at, updated_at, created_by, updated_by) VALUES ('fd19831d-f621-46aa-9c99-ceb4e46983d7', 'PdOJWFBgNPUEMhX1JlsDm7zWy012', '9KGhxtVGdPMD4VRIuZw25Iwo8x33', '2_MX40NzExMzU5NH5-MTYxNDE0NDY2MzI2OH5TTGEvckhTQ2ZrMXJKeEZMRkF3NC9teGd-fg', '2021-02-24 05:31:04.047281+00', '2021-02-24 05:31:04.047281+00', NULL, NULL);
INSERT INTO public.transaction (id, user_id, advisor_id, session_id, created_at, updated_at, created_by, updated_by) VALUES ('2ab3a224-e204-44ba-bbec-4065630bb6af', 'PdOJWFBgNPUEMhX1JlsDm7zWy012', '9KGhxtVGdPMD4VRIuZw25Iwo8x33', '1_MX40NzExMzU5NH5-MTYxNDE0NDY4NzE2NH52MXRsRXZYcnZ0anRjVkNrb1E4akVJOWx-fg', '2021-02-24 05:31:28.481962+00', '2021-02-24 05:31:28.481962+00', NULL, NULL);
INSERT INTO public.transaction (id, user_id, advisor_id, session_id, created_at, updated_at, created_by, updated_by) VALUES ('0f85f2bd-a53e-44cc-95e0-b0bdab9813b3', 'PdOJWFBgNPUEMhX1JlsDm7zWy012', '9KGhxtVGdPMD4VRIuZw25Iwo8x33', '2_MX40NzExMzU5NH5-MTYxNDE0NDgxODU1MH5XVS9yTmtsMDRjTlM4ZDRVRmQrM3JDUlJ-fg', '2021-02-24 05:33:40.359297+00', '2021-02-24 05:33:40.359297+00', NULL, NULL);
INSERT INTO public.transaction (id, user_id, advisor_id, session_id, created_at, updated_at, created_by, updated_by) VALUES ('4d5e3424-5022-4ef4-83ef-ba70032902b1', 'PdOJWFBgNPUEMhX1JlsDm7zWy012', '9KGhxtVGdPMD4VRIuZw25Iwo8x33', '2_MX40NzExMzU5NH5-MTYxNDE0NTExNTc0MX5vMU9yUVBEWjFyVnZIdUoxaU1mSGpZTmZ-fg', '2021-02-24 05:38:37.152328+00', '2021-02-24 05:38:37.152328+00', NULL, NULL);
INSERT INTO public.transaction (id, user_id, advisor_id, session_id, created_at, updated_at, created_by, updated_by) VALUES ('5911ce02-6796-4bf6-8d39-d1e6364f1f42', 'PdOJWFBgNPUEMhX1JlsDm7zWy012', '9KGhxtVGdPMD4VRIuZw25Iwo8x33', '1_MX40NzExMzU5NH5-MTYxNDE0NDkyMjg5MH5TTkNNeVhOSnZOZ2ZTSDIvRnUzQkJjUEl-fg', '2021-02-24 05:35:24.323024+00', '2021-02-24 05:35:24.323024+00', NULL, NULL);
INSERT INTO public.transaction (id, user_id, advisor_id, session_id, created_at, updated_at, created_by, updated_by) VALUES ('0dc71a0b-556c-4cb4-a09a-9b64da37d889', 'PdOJWFBgNPUEMhX1JlsDm7zWy012', '9KGhxtVGdPMD4VRIuZw25Iwo8x33', '2_MX40NzExMzU5NH5-MTYxNDMxMTYwMTIxOX55NnZtcEVnQWFkbGFrUzA3U0RqeDVCcit-fg', '2021-02-26 03:53:21.427913+00', '2021-02-26 03:53:21.427913+00', NULL, NULL);
INSERT INTO public.transaction (id, user_id, advisor_id, session_id, created_at, updated_at, created_by, updated_by) VALUES ('6e755af6-fe46-4060-a964-74f05e1edea9', 'PdOJWFBgNPUEMhX1JlsDm7zWy012', '9KGhxtVGdPMD4VRIuZw25Iwo8x33', '2_MX40NzExMzU5NH5-MTYxNDMxMTYzOTQxMn5IQUVkVEJHVnI5S2tEQ1doUEhVZ3k4aFB-fg', '2021-02-26 03:53:59.666306+00', '2021-02-26 03:53:59.666306+00', NULL, NULL);
INSERT INTO public.transaction (id, user_id, advisor_id, session_id, created_at, updated_at, created_by, updated_by) VALUES ('70d36294-81ef-4126-a804-24a55a30e481', 'PdOJWFBgNPUEMhX1JlsDm7zWy012', '9KGhxtVGdPMD4VRIuZw25Iwo8x33', '2_MX40NzExMzU5NH5-MTYxNDMxMTc1NDQwM342UmJJVmt4RU00bzF6c21NZCtrckpLdVh-fg', '2021-02-26 03:55:54.636801+00', '2021-02-26 03:55:54.636801+00', NULL, NULL);
INSERT INTO public.transaction (id, user_id, advisor_id, session_id, created_at, updated_at, created_by, updated_by) VALUES ('686c3c7f-f586-4335-ba9e-3d14faa06158', 'PdOJWFBgNPUEMhX1JlsDm7zWy012', '9KGhxtVGdPMD4VRIuZw25Iwo8x33', '2_MX40NzExMzU5NH5-MTYxNDMxMTg1NTM1NH45eklpb0VFZjkwZkVUWXNNSlJJV3BNUUZ-fg', '2021-02-26 03:57:35.646609+00', '2021-02-26 03:57:35.646609+00', NULL, NULL);
INSERT INTO public.transaction (id, user_id, advisor_id, session_id, created_at, updated_at, created_by, updated_by) VALUES ('19f5d7a1-b0b1-4468-8d15-c441c4a0262f', 'PdOJWFBgNPUEMhX1JlsDm7zWy012', '9KGhxtVGdPMD4VRIuZw25Iwo8x33', '2_MX40NzExMzU5NH5-MTYxNDMxNDI5OTUzMn56SlJDWEpoK3dKeE90dmIyYU1rUEVHZDZ-fg', '2021-02-26 04:38:19.742272+00', '2021-02-26 04:38:19.742272+00', NULL, NULL);
INSERT INTO public.transaction (id, user_id, advisor_id, session_id, created_at, updated_at, created_by, updated_by) VALUES ('237a5076-fc8e-4805-acde-7fe24179fc96', 'PdOJWFBgNPUEMhX1JlsDm7zWy012', '9KGhxtVGdPMD4VRIuZw25Iwo8x33', '1_MX40NzExMzU5NH5-MTYxNDMxNTkyNDg4N35WRG9maXJkdWd0TTN0MDM3MXhXRWNVSXl-fg', '2021-02-26 05:05:25.112877+00', '2021-02-26 05:05:25.112877+00', NULL, NULL);


--
-- Data for Name: user_presence; Type: TABLE DATA; Schema: public; Owner: terzaqfhzgwzbg
--

INSERT INTO public.user_presence (id, user_id, status, created_at, updated_at, created_by, updated_by) VALUES ('1b16196a-f1b9-4f33-af36-aa45ade2d9ca', '9KGhxtVGdPMD4VRIuZw25Iwo8x33', 'online', '2021-03-01 03:15:21.03878+00', '2021-03-01 03:15:21.03878+00', NULL, NULL);
INSERT INTO public.user_presence (id, user_id, status, created_at, updated_at, created_by, updated_by) VALUES ('6cd3e8f7-cbdd-4b36-82f9-a23f082bdf38', 'PdOJWFBgNPUEMhX1JlsDm7zWy012', 'online', '2021-03-01 02:48:28.44626+00', '2021-03-01 02:48:28.44626+00', NULL, NULL);


--
-- Data for Name: user_profile; Type: TABLE DATA; Schema: public; Owner: terzaqfhzgwzbg
--

INSERT INTO public.user_profile (id, user_id, display_name, avatar_url, created_at, updated_at, created_by, updated_by) VALUES ('fc86436d-0c1d-4376-8a86-1790d3b5ac2a', 'PdOJWFBgNPUEMhX1JlsDm7zWy012', 'Hung Tran', 'https://lh6.googleusercontent.com/-iKUqBolBqIE/AAAAAAAAAAI/AAAAAAAAAAA/AMZuuclLyJ7RviieTNm3q62ENyvz5NnpnQ/s96-c/photo.jpg', '2021-03-11 09:52:57.59615+00', '2021-03-11 09:52:57.59615+00', NULL, NULL);


--
-- PostgreSQL database dump complete
--

